time_stamp,write_io,read_io
1,0,0
2,0,0
3,0,0
4,0,0
5,0,0
6,0,0
7,36864,0
8,32768,0
9,4096,0
10,0,0
11,0,0
12,0,0
13,0,0
14,0,0
15,0,4096
16,0,0
17,0,0
18,0,0
19,0,0
20,0,0
21,0,0
22,0,0
23,0,0
24,0,0
25,0,0
26,0,0
27,0,0
28,0,0
29,0,0
30,16384,0
31,4096,0
32,0,0
33,0,0
34,0,0
35,0,0
36,0,0
37,0,0
38,0,0
39,0,0
40,0,0
41,0,0
42,155648,0
43,0,32768
44,0,0
45,0,0
46,0,0
47,8192,0
48,0,16384
49,0,0
50,0,0
51,0,0
52,0,0
53,0,0
54,4096,57344
55,0,0
56,0,0
57,0,0
58,0,0
59,0,106496
60,0,1003520
61,0,114688
62,0,102400
63,0,212992
64,0,0
65,0,0
66,0,0
67,0,0
68,0,0
69,0,0
70,0,372736
71,0,339968
72,0,0
73,0,0
74,0,0
75,28672,0
76,0,0
77,0,0
78,0,0
79,0,0
80,0,0
81,0,0
82,0,0
83,0,413696
84,0,102400
85,0,770048
86,0,491520
87,0,716800
88,0,2822144
89,0,737280
90,0,1077248
91,0,0
92,0,3825664
93,0,0
94,0,4841472
95,0,0
96,0,1695744
97,0,2068480
98,0,1376256
99,0,577536
100,0,2293760
101,0,0
102,0,1331200
103,0,1445888
104,0,679936
105,0,1269760
106,0,1040384
107,0,1658880
108,0,516096
109,0,651264
110,0,638976
111,0,323584
112,0,278528
113,0,69632
114,0,385024
115,0,0
116,0,430080
117,0,262144
118,8192,0
119,0,32768
120,12288,0
121,0,8192
122,0,0
123,0,16384
124,0,880640
125,0,0
126,0,4096
127,0,512000
128,0,0
129,0,114688
130,0,0
131,0,405504
132,0,0
133,0,0
134,0,0
135,0,0
136,0,0
137,0,0
138,0,0
139,0,0
140,0,0
141,0,0
142,0,0
143,8192,0
144,0,249856
145,0,0
146,0,0
147,0,0
148,0,0
149,0,0
150,0,208896
151,0,0
152,0,0
153,0,0
154,0,32768
155,0,0
156,0,0
157,0,0
158,0,0
159,0,0
160,8192,0
161,8192,0
162,0,0
163,0,0
164,0,0
165,0,0
166,0,0
167,0,0
168,0,0
169,0,0
170,0,0
171,0,1187840
172,0,16384
173,0,2609152
174,0,1441792
175,0,0
176,0,192512
177,0,2146304
178,0,1183744
179,0,3112960
180,0,1835008
181,0,3203072
182,0,1884160
183,0,274432
184,0,2203648
185,0,1269760
186,8192,2793472
187,0,1589248
188,0,4349952
189,0,0
190,0,6356992
191,0,3088384
192,0,1507328
193,0,2707456
194,0,2924544
195,0,5582848
196,12288,3510272
197,0,4087808
198,0,6696960
199,0,5013504
200,4096,1769472
201,0,2424832
202,0,1335296
203,8192,2314240
204,0,991232
205,8192,3063808
206,0,778240
207,0,405504
208,4096,151552
209,0,471040
210,0,917504
211,0,32768
212,0,0
213,0,0
214,0,0
215,0,32768
216,0,16384
217,0,0
218,0,131072
219,0,0
220,0,0
221,0,0
222,8192,73728
223,0,0
224,4096,0
225,0,0
226,790528,0
227,487424,0
228,8192,2703360
229,8192,3387392
230,0,1265664
231,0,28672
232,0,1323008
233,0,753664
234,0,761856
235,258048,2473984
236,0,1417216
237,0,16384
238,0,647168
239,0,32768
240,0,1556480
241,0,135168
242,0,8192
243,0,0
244,0,0
245,0,0
246,20480,0
247,0,8192
248,0,0
249,0,0
250,0,0
251,0,0
252,0,0
253,0,0
254,0,8192
255,0,0
256,0,0
257,0,0
258,0,0
259,0,0
260,0,0
261,0,0
262,0,0
263,0,0
264,0,0
265,0,0
266,0,0
267,0,0
268,0,0
269,0,0
270,0,0
271,0,0
272,12288,0
273,0,0
274,0,0
275,0,0
276,0,0
277,0,0
278,0,0
279,0,0
280,0,0
281,0,0
282,0,0
283,0,0
284,0,0
285,0,0
286,0,0
287,0,0
288,0,0
289,16384,0
290,0,0
291,0,0
292,4096,0
293,0,0
294,0,0
295,0,0
296,0,0
297,0,0
298,0,0
299,0,0
300,0,0
301,0,0
302,0,0
303,0,0
304,0,0
305,0,0
306,0,0
307,0,0
308,0,0
309,0,0
310,0,0
311,0,0
312,0,0
313,0,0
314,0,0
315,8192,0
316,0,0
317,0,262144
318,0,0
319,0,73728
320,0,360448
321,0,0
322,4096,28672
323,0,614400
324,0,471040
325,0,12288
326,0,3026944
327,0,921600
328,0,573440
329,0,0
330,0,2293760
331,0,0
332,16384,225280
333,8192,3764224
334,0,1380352
335,0,659456
336,0,311296
337,4096,425984
338,0,983040
339,0,393216
340,0,122880
341,0,802816
342,0,0
343,0,741376
344,0,1388544
345,0,1224704
346,0,1429504
347,0,1572864
348,0,1216512
349,0,1122304
350,0,552960
351,0,28672
352,0,151552
353,0,106496
354,0,40960
355,0,360448
356,0,217088
357,0,270336
358,8192,135168
359,0,319488
360,0,528384
361,0,1449984
362,0,1986560
363,0,401408
364,0,675840
365,0,458752
366,0,655360
367,0,3178496
368,0,0
369,0,5517312
370,0,2957312
371,0,2027520
372,0,2084864
373,4096,1863680
374,0,2875392
375,8192,917504
376,8192,2211840
377,0,1310720
378,0,561152
379,0,389120
380,0,1531904
381,0,245760
382,0,0
383,4096,786432
384,0,0
385,0,0
386,0,0
387,0,0
388,8192,32768
389,0,0
390,258048,286720
391,8192,196608
392,0,20480
393,0,0
394,0,0
395,253952,0
396,253952,0
397,253952,32768
398,0,0
399,253952,0
400,253952,0
401,16384,0
402,0,0
403,0,0
404,0,0
405,0,0
406,0,0
407,0,0
408,0,0
409,4096,0
410,0,0
411,0,0
412,0,0
413,0,0
414,0,0
415,0,0
416,0,0
417,0,0
418,8192,0
419,8192,0
420,0,0
421,0,0
422,0,0
423,0,0
424,4096,0
425,0,0
426,0,0
427,0,0
428,0,0
429,0,0
430,0,0
431,0,0
432,0,0
433,0,0
434,0,0
435,0,0
436,0,0
437,0,0
438,0,0
439,0,0
440,0,0
441,0,0
442,0,0
443,0,0
444,8192,16384
445,0,0
446,0,0
447,0,0
448,4096,0
449,0,0
450,0,0
451,0,0
452,0,0
453,0,0
454,0,0
455,0,0
456,0,0
457,0,4096
458,0,0
459,0,0
460,0,0
461,0,0
462,0,0
463,0,0
464,0,0
465,0,0
466,0,0
467,0,0
468,0,0
469,0,0
470,0,0
471,0,0
472,0,0
473,0,0
474,0,0
475,0,0
476,0,0
477,0,0
478,0,0
479,0,0
480,0,0
481,0,0
482,0,0
483,0,0
484,0,0
485,0,0
486,8192,0
487,0,0
488,0,0
489,0,0
490,0,0
491,0,294912
492,0,712704
493,0,684032
494,0,749568
495,0,1679360
496,0,3092480
497,0,188416
498,4096,3108864
499,0,757760
500,0,823296
501,0,0
502,0,1343488
503,0,540672
504,0,966656
505,0,24576
506,0,954368
507,0,1302528
508,0,208896
509,0,0
510,0,2142208
511,0,1556480
512,0,102400
513,0,2224128
514,0,389120
515,0,3174400
516,0,1781760
517,0,233472
518,0,2023424
519,0,761856
520,0,2023424
521,0,3883008
522,0,303104
523,0,2240512
524,0,2338816
525,0,241664
526,0,1830912
527,0,380928
528,0,1224704
529,8192,1327104
530,0,794624
531,0,172032
532,0,2088960
533,0,278528
534,0,1708032
535,0,360448
536,0,495616
537,0,65536
538,0,282624
539,0,32768
540,0,737280
541,0,16384
542,0,110592
543,0,0
544,0,16384
545,0,0
546,4096,475136
547,0,0
548,0,397312
549,0,0
550,0,0
551,0,0
552,0,0
553,253952,4808704
554,0,4485120
555,0,1900544
556,0,917504
557,0,0
558,8192,1179648
559,245760,1556480
560,0,10682368
561,253952,4177920
562,253952,5111808
563,0,10600448
564,0,4849664
565,0,2621440
566,253952,4063232
567,0,7823360
568,0,4063232
569,253952,3670016
570,0,10469376
571,0,4325376
572,8192,4354048
573,4096,6045696
574,0,5636096
575,0,3309568
576,0,4063232
577,0,6168576
578,0,1441792
579,0,6926336
580,0,4456448
581,0,5881856
582,0,3399680
583,0,6684672
584,0,2215936
585,0,5373952
586,0,3538944
587,0,7077888
588,0,1703936
589,8192,5111808
590,0,5111808
591,0,3145728
592,0,4325376
593,0,4456448
594,0,4931584
595,0,6447104
596,0,6852608
597,0,3129344
598,0,3407872
599,0,4456448
600,0,7340032
601,0,3932160
602,0,5767168
603,0,3862528
604,0,2621440
605,0,5898240
606,0,4849664
607,0,7733248
608,0,3145728
609,0,6291456
610,0,3538944
611,0,5890048
612,0,3964928
613,0,7221248
614,0,3080192
615,8192,2707456
616,0,8880128
617,0,1703936
618,0,6041600
619,0,3145728
620,0,7069696
621,0,2359296
622,0,5922816
623,4096,3653632
624,0,5193728
625,0,4857856
626,0,2490368
627,0,5046272
628,0,5709824
629,0,3489792
630,0,6082560
631,0,4452352
632,0,4415488
633,0,4644864
634,0,4415488
635,0,4997120
636,0,3858432
637,0,4890624
638,0,5029888
639,0,4550656
640,0,4816896
641,0,4063232
642,0,3956736
643,0,5726208
644,0,2105344
645,0,6045696
646,0,3440640
647,0,7700480
648,0,4210688
649,0,2949120
650,0,5025792
651,0,4423680
652,0,3850240
653,0,6291456
654,0,3858432
655,0,7393280
656,0,524288
657,0,3469312
658,16384,3215360
659,0,1150976
660,0,6082560
661,0,5423104
662,0,4022272
663,4096,4284416
664,0,6885376
665,0,2797568
666,0,3112960
667,0,5754880
668,0,4665344
669,0,7061504
670,0,3145728
671,0,5214208
672,0,4608000
673,0,3563520
674,0,6905856
675,0,4558848
676,0,4960256
677,0,3604480
678,0,5500928
679,0,3293184
680,0,7278592
681,0,4091904
682,0,7241728
683,0,1892352
684,0,4005888
685,0,1433600
686,0,7847936
687,0,1839104
688,0,7708672
689,0,3526656
690,0,2461696
691,0,4587520
692,0,4083712
693,0,2617344
694,0,6270976
695,0,1851392
696,0,5148672
697,0,3497984
698,0,1409024
699,0,7655424
700,0,917504
701,8192,4296704
702,0,921600
703,0,1617920
704,0,2953216
705,0,1748992
706,0,1875968
707,0,2527232
708,4096,929792
709,8192,1253376
710,0,0
711,0,385024
712,0,0
713,12288,839680
714,262144,4083712
715,0,4415488
716,0,1855488
717,0,0
718,0,1060864
719,0,397312
720,0,2490368
721,0,290816
722,0,1835008
723,0,0
724,0,1703936
725,0,0
726,0,262144
727,0,0
728,253952,3158016
729,0,524288
730,253952,5853184
731,8192,5177344
732,0,1179648
733,253952,3653632
734,0,4771840
735,0,487424
736,0,131072
737,0,229376
738,258048,1482752
739,0,0
740,253952,2281472
741,0,3014656
742,0,2400256
743,8192,1409024
744,0,2793472
745,0,2584576
746,0,1298432
747,0,540672
748,0,2101248
749,4096,524288
750,0,2080768
751,0,2666496
752,0,917504
753,0,1560576
754,0,0
755,0,655360
756,0,131072
757,0,0
758,0,0
759,0,0
760,0,516096
761,0,954368
762,0,4096
763,0,131072
764,0,512000
765,0,999424
766,0,20480
767,0,0
768,0,32768
769,0,917504
770,0,483328
771,0,0
772,0,32768
773,0,0
774,0,196608
775,0,0
776,0,1511424
777,0,0
778,0,139264
779,0,802816
780,0,131072
781,0,0
782,0,0
783,0,1277952
784,0,81920
785,0,507904
786,0,0
787,8192,0
788,0,0
789,0,147456
790,0,921600
791,0,1339392
792,0,253952
793,0,65536
794,0,139264
795,0,0
796,0,380928
797,0,0
798,0,0
799,0,651264
800,4096,655360
801,0,1163264
802,0,262144
803,0,180224
804,0,24576
805,0,917504
806,0,4096
807,0,262144
808,0,0
809,0,0
810,0,651264
811,0,811008
812,0,1343488
813,0,2027520
814,0,610304
815,0,520192
816,0,1339392
817,0,688128
818,0,520192
819,0,1179648
820,0,1945600
821,0,1568768
822,0,1581056
823,0,516096
824,0,16384
825,0,278528
826,0,3305472
827,0,385024
828,0,311296
829,0,872448
830,8192,0
831,0,626688
832,0,1179648
833,0,253952
834,0,671744
835,0,536576
836,0,131072
837,0,1785856
838,0,2244608
839,0,2297856
840,0,1953792
841,0,1830912
842,0,1499136
843,0,1339392
844,0,376832
845,0,6688768
846,0,626688
847,8192,4124672
848,0,94208
849,0,1486848
850,4096,970752
851,0,2637824
852,0,1298432
853,0,2342912
854,0,1392640
855,0,507904
856,0,372736
857,0,1404928
858,0,2686976
859,0,0
860,0,2490368
861,0,917504
862,0,266240
863,8192,0
864,0,184320
865,0,593920
866,0,954368
867,0,98304
868,0,131072
869,0,1585152
870,0,0
871,0,466944
872,0,90112
873,8192,393216
874,0,4096
875,0,0
876,4096,65536
877,0,208896
878,0,458752
879,262144,688128
880,0,303104
881,0,90112
882,0,32768
883,0,163840
884,0,77824
885,0,598016
886,0,516096
887,0,0
888,0,524288
889,0,311296
890,0,0
891,0,786432
892,0,0
893,253952,712704
894,0,110592
895,253952,0
896,0,839680
897,0,0
898,0,0
899,0,397312
900,0,262144
901,253952,0
902,0,0
903,0,311296
904,253952,0
905,4096,49152
906,0,0
907,0,0
908,253952,118784
909,0,131072
910,0,1757184
911,0,0
912,0,577536
913,0,258048
914,0,163840
915,8192,0
916,8192,0
917,0,1503232
918,0,0
919,0,655360
920,0,2097152
921,0,249856
922,0,3334144
923,0,2146304
924,4096,946176
925,0,61440
926,0,262144
927,0,2097152
928,0,1015808
929,0,4849664
930,0,655360
931,0,1740800
932,0,2084864
933,0,2756608
934,0,1830912
935,0,3407872
936,0,4579328
937,0,2752512
938,0,4472832
939,0,4194304
940,0,3670016
941,0,4980736
942,0,5505024
943,0,4321280
944,0,4194304
945,0,4562944
946,0,4898816
947,0,3670016
948,0,4784128
949,0,3932160
950,0,4456448
951,0,3538944
952,0,3555328
953,0,4063232
954,0,5406720
955,0,524288
956,0,8323072
957,0,3325952
958,8192,4759552
959,0,3362816
960,0,5640192
961,0,2228224
962,0,5046272
963,0,5914624
964,0,1966080
965,0,7372800
966,0,2097152
967,8192,7798784
968,0,3932160
969,0,6422528
970,8192,4374528
971,0,3276800
972,0,6356992
973,0,4456448
974,4096,7208960
975,0,1966080
976,0,5296128
977,0,1179648
978,0,6995968
979,0,4075520
980,0,7405568
981,0,4620288
982,0,3354624
983,0,5111808
984,0,4194304
985,0,5689344
986,4096,5263360
987,0,4665344
988,0,3145728
989,0,4063232
990,0,2752512
991,0,4587520
992,0,2228224
993,0,3276800
994,0,1441792
995,0,1937408
996,0,1703936
997,0,7016448
998,0,2703360
999,0,2326528
1000,0,282624
1001,12288,2027520
1002,0,3325952
1003,0,655360
1004,0,4624384
1005,0,1769472
1006,0,4317184
1007,0,1048576
1008,0,1572864
1009,0,3723264
1010,0,1118208
1011,0,5111808
1012,0,4583424
1013,0,5087232
1014,0,917504
1015,0,6987776
1016,0,2838528
1017,0,3977216
1018,0,4460544
1019,0,5107712
1020,0,1794048
1021,0,2408448
1022,0,1519616
1023,0,3002368
1024,0,2125824
1025,0,1908736
1026,0,454656
1027,0,4927488
1028,0,4104192
1029,0,2514944
1030,0,2035712
1031,0,4657152
1032,0,4132864
1033,0,3518464
1034,0,2621440
1035,0,4521984
1036,0,1728512
1037,0,4464640
1038,0,2535424
1039,0,2506752
1040,8192,6098944
1041,0,1851392
1042,0,5881856
1043,0,2203648
1044,0,4587520
1045,0,3145728
1046,4096,5414912
1047,0,2097152
1048,0,2883584
1049,0,1310720
1050,0,4390912
1051,0,4149248
1052,0,3014656
1053,0,3276800
1054,253952,5414912
1055,0,6553600
1056,0,1835008
1057,0,3670016
1058,0,262144
1059,0,3932160
1060,0,2146304
1061,0,393216
1062,0,5046272
1063,0,655360
1064,0,1966080
1065,253952,131072
1066,0,6725632
1067,0,1712128
1068,0,5378048
1069,0,1835008
1070,0,3141632
1071,0,659456
1072,0,655360
1073,253952,1572864
1074,0,2244608
1075,0,4030464
1076,0,1835008
1077,0,4325376
1078,0,2232320
1079,253952,4325376
1080,0,9945088
1081,0,7294976
1082,0,8974336
1083,8192,2523136
1084,0,2097152
1085,499712,1441792
1086,8192,5242880
1087,0,3932160
1088,0,4194304
1089,0,2097152
1090,0,6029312
1091,0,1572864
1092,0,4501504
1093,0,3276800
1094,0,3801088
1095,0,1703936
1096,0,3276800
1097,0,2752512
1098,4096,4198400
1099,0,1441792
1100,8192,5488640
1101,0,3145728
1102,0,2752512
1103,0,4993024
1104,0,2097152
1105,0,4210688
1106,0,2760704
1107,0,4063232
1108,0,2244608
1109,0,6160384
1110,0,3031040
1111,8192,4456448
1112,0,2359296
1113,0,4194304
1114,0,4329472
1115,0,4194304
1116,0,1703936
1117,0,4849664
1118,0,4210688
1119,0,2228224
1120,0,5144576
1121,0,2621440
1122,0,3801088
1123,0,3276800
1124,0,3158016
1125,0,4595712
1126,0,561152
1127,0,5509120
1128,8192,3014656
1129,0,4329472
1130,0,1179648
1131,0,3538944
1132,0,4849664
1133,0,4325376
1134,0,4980736
1135,0,2883584
1136,0,4718592
1137,0,655360
1138,0,5509120
1139,0,4456448
1140,0,2441216
1141,0,4980736
1142,0,917504
1143,0,4718592
1144,0,3407872
1145,0,4325376
1146,0,4722688
1147,0,3014656
1148,0,3014656
1149,0,3014656
1150,0,3932160
1151,0,5373952
1152,4096,942080
1153,0,6291456
1154,0,4325376
1155,0,3276800
1156,0,3145728
1157,0,4222976
1158,0,3014656
1159,0,4194304
1160,0,2752512
1161,0,6160384
1162,0,4063232
1163,0,2752512
1164,0,3555328
1165,0,2883584
1166,0,3801088
1167,0,3801088
1168,0,5111808
1169,0,2228224
1170,0,3932160
1171,0,4325376
1172,0,2658304
1173,0,4980736
1174,16384,6422528
1175,0,393216
1176,0,4759552
1177,0,4849664
1178,0,1179648
1179,4096,4595712
1180,0,4059136
1181,0,3276800
1182,0,1835008
1183,0,3538944
1184,0,2097152
1185,0,5505024
1186,0,3801088
1187,0,3280896
1188,0,4194304
1189,0,3145728
1190,0,4997120
1191,0,1572864
1192,0,4214784
1193,0,3112960
1194,0,4325376
1195,0,1822720
1196,0,4980736
1197,0,1835008
1198,0,5111808
1199,0,753664
1200,0,655360
1201,0,2883584
1202,0,1921024
1203,0,2097152
1204,0,2883584
1205,0,0
1206,0,659456
1207,253952,1441792
1208,0,0
1209,0,2097152
1210,0,0
1211,0,790528
1212,0,786432
1213,0,0
1214,253952,0
1215,0,0
1216,0,0
1217,0,0
1218,253952,0
1219,0,0
1220,0,917504
1221,8192,0
1222,0,0
1223,0,0
1224,0,0
1225,253952,0
1226,0,0
1227,0,0
1228,0,0
1229,0,0
1230,20480,0
1231,0,0
1232,0,0
1233,4096,16384
1234,0,0
1235,0,0
1236,0,0
1237,0,0
1238,-10653696,-4096
1239,0,0
1240,12288,61440
1241,0,0
1242,0,0
1243,0,0
1244,0,0
1245,0,0
1246,0,0
1247,0,0
1248,0,0
1249,0,0
1250,0,0
1251,0,0
1252,0,0
1253,0,0
1254,0,0
1255,0,0
1256,0,0
1257,0,0
1258,0,0
1259,0,0
1260,0,16384
1261,0,0
1262,0,0
1263,0,0
1264,0,0
1265,0,0
1266,8192,0
1267,0,0
1268,0,0
1269,0,0
1270,0,0
1271,0,0
1272,0,0
1273,0,0
1274,0,0
1275,0,0
1276,0,0
1277,0,0
1278,0,0
1279,0,0
1280,0,0
1281,0,0
1282,0,0
1283,0,0
1284,0,0
1285,0,0
1286,4096,32768
1287,0,0
1288,0,0
1289,0,0
1290,0,0
1291,0,0
1292,0,0
1293,0,0
1294,0,0
1295,0,0
1296,0,0
1297,0,0
1298,0,0
1299,0,0
1300,0,0
1301,0,0
1302,0,0
1303,0,0
1304,0,0
1305,0,0
1306,0,0
1307,0,0
1308,0,0
1309,0,0
1310,0,0
1311,8192,0
1312,0,0
1313,4096,0
1314,0,0
1315,0,0
1316,0,0
1317,0,0
1318,0,0
1319,0,0
1320,0,0
1321,0,0
1322,0,0
1323,0,0
1324,0,0
1325,0,0
1326,0,0
1327,0,0
1328,0,0
1329,0,0
1330,0,0
1331,0,0
1332,0,0
1333,0,0
1334,0,16384
1335,0,0
1336,0,0
1337,0,0
1338,0,8192
1339,0,8192
1340,0,0
1341,0,0
1342,0,0
1343,0,0
1344,0,0
1345,0,0
1346,0,0
1347,0,0
1348,0,0
1349,0,0
1350,0,0
1351,0,0
1352,0,0
1353,0,0
1354,0,0
1355,0,0
1356,0,0
1357,8192,0
1358,0,0
1359,0,0
1360,0,0
1361,0,0
1362,0,0
1363,0,0
1364,0,0
1365,0,0
1366,4096,8192
1367,0,0
1368,0,0
1369,0,0
1370,0,0
1371,0,0
1372,0,0
1373,0,0
1374,0,0
1375,8192,0
1376,0,0
1377,0,0
1378,0,0
1379,0,0
1380,0,0
1381,0,0
1382,0,0
1383,0,0
1384,0,0
1385,0,0
1386,0,0
1387,0,0
1388,0,0
1389,0,0
1390,0,0
1391,0,0
1392,0,0
1393,0,0
1394,0,0
1395,0,0
1396,0,0
1397,0,0
1398,0,0
1399,0,0
1400,0,16384
1401,0,0
1402,8192,0
1403,0,0
1404,0,0
1405,0,0
1406,0,0
1407,0,0
1408,0,0
1409,0,0
1410,0,0
1411,0,0
1412,0,0
1413,0,0
1414,0,0
1415,0,0
1416,0,0
1417,0,0
1418,0,0
1419,4096,16384
1420,0,0
1421,0,0
1422,0,0
1423,0,0
1424,4096,0
1425,0,0
1426,0,0
1427,0,0
1428,0,0
1429,0,0
1430,0,0
1431,0,0
1432,0,0
1433,0,0
1434,0,0
1435,0,0
1436,0,0
1437,0,0
1438,0,0
1439,0,0
1440,0,0
1441,0,0
1442,0,0
1443,0,0
1444,0,0
1445,0,0
1446,0,0
1447,0,0
1448,16384,0
1449,0,0
1450,0,0
1451,0,0
1452,0,0
1453,0,0
1454,0,0
1455,0,0
1456,0,0
1457,0,0
1458,0,0
1459,0,0
1460,0,0
1461,0,0
1462,0,0
1463,0,0
1464,0,0
1465,0,0
1466,0,0
1467,0,0
1468,0,0
1469,0,0
1470,0,0
1471,0,0
1472,0,0
1473,4096,32768
1474,0,0
1475,0,0
1476,0,0
1477,0,0
1478,0,0
1479,0,0
1480,0,0
1481,0,0
1482,0,0
1483,0,0
1484,0,0
1485,0,0
1486,0,0
1487,0,0
1488,0,0
1489,0,0
1490,0,0
1491,0,0
1492,0,0
1493,0,0
1494,8192,0
1495,0,0
1496,0,0
1497,0,0
1498,0,0
1499,4096,0
1500,0,0
1501,0,0
1502,0,0
1503,0,0
1504,0,0
1505,0,0
1506,0,0
1507,0,0
1508,0,0
1509,0,0
1510,0,0
1511,0,0
1512,0,0
1513,4096,61440
1514,0,0
1515,0,0
1516,0,4096
1517,0,0
1518,0,0
1519,0,0
1520,0,0
1521,0,0
1522,0,0
1523,0,0
1524,0,0
1525,0,0
1526,0,0
1527,0,0
1528,0,0
1529,0,0
1530,0,0
1531,0,0
1532,0,0
1533,0,0
1534,0,0
1535,0,0
1536,0,0
1537,0,0
1538,0,0
1539,8192,0
1540,0,0
1541,0,0
1542,0,0
1543,0,0
1544,0,0
1545,0,0
1546,0,0
1547,0,0
1548,0,0
1549,0,0
1550,0,0
1551,0,0
1552,4096,8192
1553,0,0
1554,0,0
1555,0,0
1556,0,0
1557,0,0
1558,0,0
1559,0,0
1560,0,0
1561,0,0
1562,0,0
1563,0,0
1564,0,0
1565,0,8192
1566,0,0
1567,0,0
1568,0,0
1569,0,0
1570,0,0
1571,0,0
1572,0,0
1573,0,4096
1574,0,0
1575,0,0
1576,0,0
1577,0,0
1578,0,0
1579,0,20480
1580,0,0
1581,0,0
1582,0,0
1583,0,0
1584,8192,0
1585,0,0
1586,0,0
1587,0,0
1588,0,0
1589,0,0
1590,0,0
1591,0,0
1592,0,0
1593,0,0
1594,0,0
1595,0,0
1596,0,0
1597,0,0
1598,0,0
1599,0,0
1600,0,0
1601,0,0
1602,0,0
1603,0,0
1604,0,0
1605,4096,0
1606,0,0
1607,0,0
1608,0,0
1609,0,0
1610,0,0
1611,0,0
1612,0,0
1613,0,0
1614,0,0
1615,0,0
1616,0,0
1617,0,0
1618,0,0
1619,0,0
1620,0,0
1621,0,0
1622,0,0
1623,0,0
1624,0,0
1625,0,0
1626,0,0
1627,0,0
1628,0,0
1629,8192,0
1630,0,0
1631,0,16384
1632,4096,8192
1633,0,0
1634,0,0
1635,0,0
1636,0,0
1637,0,0
1638,0,0
1639,4096,8192
1640,0,0
1641,0,0
1642,0,0
1643,0,0
1644,0,0
1645,0,0
1646,0,0
1647,0,0
1648,8192,0
1649,0,0
1650,0,0
1651,0,0
1652,0,0
1653,0,0
1654,0,0
1655,0,0
1656,0,0
1657,0,0
1658,0,0
1659,0,24576
1660,0,0
1661,0,0
1662,0,0
1663,0,0
1664,0,0
1665,0,0
1666,0,0
1667,0,0
1668,0,0
1669,0,0
1670,0,0
1671,0,0
1672,0,0
1673,0,0
1674,0,0
1675,8192,0
1676,0,0
1677,0,0
1678,0,0
1679,0,0
1680,0,0
1681,0,0
1682,0,0
1683,0,0
1684,0,0
1685,4096,0
1686,0,0
1687,0,0
1688,0,0
1689,0,0
1690,0,0
1691,0,0
1692,0,0
1693,0,0
1694,0,0
1695,0,0
1696,0,0
1697,0,0
1698,0,0
1699,0,0
1700,0,0
1701,0,0
1702,0,0
1703,0,0
1704,0,0
1705,0,0
1706,0,0
1707,0,0
1708,0,0
1709,0,0
1710,0,0
1711,0,0
1712,0,0
1713,0,0
1714,0,0
1715,0,0
1716,0,0
1717,0,0
1718,0,0
1719,0,0
1720,16384,0
1721,0,0
1722,0,0
1723,0,0
1724,0,0
1725,0,0
1726,0,0
1727,0,0
1728,0,0
1729,0,0
1730,0,0
1731,0,0
1732,0,0
1733,0,0
1734,0,0
1735,0,0
1736,0,0
1737,0,0
1738,0,0
1739,4096,0
1740,0,0
1741,0,0
1742,0,0
1743,0,0
1744,0,0
1745,0,0
1746,0,0
1747,0,0
1748,0,0
1749,0,0
1750,0,0
1751,0,0
1752,0,0
1753,0,0
1754,0,0
1755,0,0
1756,0,0
1757,0,0
1758,0,0
1759,0,0
1760,0,0
1761,0,0
1762,0,0
1763,0,0
1764,0,0
1765,0,0
1766,8192,0
1767,0,0
1768,0,0
1769,0,0
1770,0,0
1771,0,0
1772,16384,57344
1773,0,0
1774,0,0
1775,0,0
1776,0,0
1777,0,0
1778,0,0
1779,0,0
1780,0,0
1781,0,0
1782,0,0
1783,0,0
1784,0,0
1785,0,0
1786,0,0
1787,0,0
1788,0,0
1789,0,0
1790,0,0
1791,0,0
1792,4096,16384
1793,0,0
1794,0,0
1795,0,0
1796,0,0
1797,0,0
1798,0,0
1799,0,0
1800,0,0
1801,0,0
1802,0,0
1803,0,0
1804,0,0
1805,0,16384
1806,0,0
1807,0,0
1808,0,0
1809,0,0
1810,0,0
1811,8192,0
1812,0,0
1813,0,0
1814,0,0
1815,0,0
1816,0,0
1817,0,0
1818,4096,8192
1819,0,0
1820,0,0
1821,0,0
1822,0,0
1823,0,0
1824,0,0
1825,0,0
1826,0,0
1827,0,0
1828,0,0
1829,0,0
1830,0,0
1831,0,0
1832,0,0
1833,0,0
1834,0,0
1835,0,0
1836,0,0
1837,0,0
1838,0,0
1839,0,0
1840,0,0
1841,0,0
1842,0,0
1843,0,0
1844,0,0
1845,0,0
1846,0,0
1847,0,0
1848,0,0
1849,0,0
1850,0,0
1851,0,0
1852,0,0
1853,0,0
1854,0,0
1855,0,0
1856,0,0
1857,0,0
1858,0,0
1859,0,0
1860,0,0
1861,0,0
1862,0,0
1863,0,0
1864,0,0
1865,0,0
1866,0,0
1867,0,0
1868,0,0
1869,0,0
1870,0,0
1871,0,0
1872,0,0
1873,0,0
1874,0,0
1875,0,0
1876,0,0
1877,0,0
1878,0,0
1879,0,0
1880,0,0
1881,0,0
1882,0,0
1883,0,0
1884,0,0
1885,0,0
1886,0,0
1887,0,0
1888,0,0
1889,0,0
1890,0,0
1891,0,0
1892,0,0
1893,0,0
1894,0,0
1895,0,0
1896,0,0
1897,0,0
1898,0,8192
1899,0,0
1900,0,0
1901,0,0
1902,0,0
1903,0,0
1904,0,0
1905,0,0
1906,0,0
1907,0,0
1908,0,0
1909,0,28672
1910,4096,57344
1911,0,0
1912,0,0
1913,0,0
1914,0,0
1915,0,0
1916,0,0
1917,0,0
1918,0,0
1919,0,0
1920,8192,0
1921,0,0
1922,0,0
1923,0,0
1924,0,0
1925,0,0
1926,0,0
1927,0,0
1928,0,0
1929,0,0
1930,0,0
1931,0,0
1932,0,0
1933,0,0
1934,0,0
1935,0,0
1936,0,0
1937,0,0
1938,0,0
1939,0,0
1940,0,0
1941,0,0
1942,0,0
1943,0,0
1944,0,0
1945,0,0
1946,0,0
1947,0,0
1948,0,0
1949,0,0
1950,0,0
1951,0,0
1952,0,0
1953,0,0
1954,0,0
1955,0,0
1956,0,0
1957,0,0
1958,0,0
1959,0,0
1960,0,0
1961,0,0
1962,0,0
1963,0,0
1964,0,0
1965,0,0
1966,0,0
1967,0,0
1968,0,0
1969,0,0
1970,0,0
1971,0,0
1972,0,0
1973,0,0
1974,0,0
1975,0,0
1976,0,0
1977,0,0
1978,0,0
1979,0,0
1980,0,0
1981,0,0
1982,0,0
1983,0,0
1984,0,0
1985,0,0
1986,0,0
1987,0,0
1988,0,0
1989,0,0
1990,0,0
1991,0,0
1992,8192,0
1993,0,0
1994,0,0
1995,0,0
1996,0,0
1997,0,0
1998,0,0
1999,0,0
2000,0,0
2001,0,0
2002,0,0
2003,0,0
2004,0,16384
2005,0,0
2006,0,0
2007,0,0
2008,0,0
2009,0,0
2010,0,0
2011,0,0
2012,0,0
2013,0,0
2014,0,0
2015,0,0
2016,0,0
2017,0,0
2018,0,0
2019,0,0
2020,0,0
2021,0,0
2022,0,0
2023,0,0
2024,0,0
2025,0,0
2026,0,0
2027,0,0
2028,0,0
2029,0,0
2030,0,0
2031,0,0
2032,0,0
2033,0,0
2034,0,0
2035,0,0
2036,0,0
2037,0,0
2038,0,0
2039,0,0
2040,0,0
2041,0,0
2042,0,0
2043,0,8192
2044,0,0
2045,0,0
2046,0,0
2047,0,0
2048,0,0
2049,0,0
2050,0,0
2051,0,0
2052,0,0
2053,0,0
2054,0,0
2055,0,0
2056,0,0
2057,0,4096
2058,0,0
2059,0,0
2060,0,0
2061,0,0
2062,0,0
2063,0,0
2064,0,0
2065,0,0
2066,0,0
2067,0,0
2068,0,0
2069,0,0
2070,0,0
2071,0,0
2072,0,0
2073,0,0
2074,0,0
2075,0,0
2076,0,0
2077,0,0
2078,0,0
2079,0,0
2080,0,0
2081,0,0
2082,0,0
2083,8192,0
2084,4096,0
2085,0,0
2086,0,0
2087,0,0
2088,0,4096
2089,0,0
2090,0,0
2091,0,0
2092,0,0
2093,0,0
2094,0,0
2095,0,0
2096,0,0
2097,0,0
2098,0,0
2099,0,0
2100,0,0
2101,0,0
2102,0,0
2103,0,0
2104,0,0
2105,0,0
2106,0,0
2107,0,0
2108,0,0
2109,0,0
2110,0,0
2111,0,0
2112,0,0
2113,0,0
2114,0,0
2115,0,0
2116,0,0
2117,0,0
2118,0,0
2119,0,0
2120,0,0
2121,0,0
2122,0,0
2123,0,0
2124,0,0
2125,0,0
2126,0,0
2127,0,0
2128,0,0
2129,0,0
2130,0,0
2131,0,0
2132,0,0
2133,0,0
2134,0,0
2135,0,0
2136,0,0
2137,0,0
2138,0,0
2139,0,0
2140,0,0
2141,0,0
2142,0,0
2143,0,0
2144,0,0
2145,0,0
2146,0,0
2147,0,0
2148,0,0
2149,0,0
2150,0,0
2151,0,0
2152,0,0
2153,0,0
2154,0,0
2155,0,0
2156,0,0
2157,0,0
2158,0,0
2159,0,0
2160,0,0
2161,0,0
2162,0,0
2163,0,0
2164,0,0
2165,0,0
2166,0,0
2167,0,0
2168,0,0
2169,0,0
2170,0,0
2171,0,0
2172,0,0
2173,0,0
2174,0,0
2175,0,0
2176,0,0
2177,0,0
2178,0,0
2179,0,0
